{
  "youtube": "https://youtube.com.br/channel/UCQVW2jClhXvx-JsEaWK7lrQ/videos",
  "facebook": "https://facebook.com/HaitaiNordeste/",
  "phone": "(85) 3031-2701",
  "doc_number": "</br>HAITAI NORDESTE COMERCIO DE BRINDES EIRELI - CNPJ: 30.169.039/0001-06",
  "whatsapp": "(31) 9 8272-1558",
  "instagram": "https://instagram.com/lojahaitainordeste/",
  "twitter": "",
  "address": " Av. Eduardo Girão, 408 - Benfica, Fortaleza - CE, 60020-351",
  "pinterest": "",
  "email": "haitaipedidos2016@gmail.com"
}